{
    "rmse": 11.725979742081575,
    "mae": 8.63665668245344,
    "r2": -0.03905784403212054,
    "best_params": {
        "subsample": 0.7,
        "n_estimators": 100,
        "min_child_weight": 3,
        "max_depth": 5,
        "learning_rate": 0.01,
        "gamma": 0,
        "colsample_bytree": 0.7
    }
}