{
  "accuracy": 0.8863454274922742,
  "precision": 0.6959673765292252,
  "recall": 0.8266953713670614,
  "f1_score": 0.7557195571955719,
  "feature_count": 42
}